지역구분,지역명,작업명,키워드,URL,indexStatus,canonicalTarget,수집요청 여부
구/시,서초,외벽청소,서초 외벽청소,https://www.allcareservice.co.kr/?k=서초-외벽청소,noindex,https://www.allcareservice.co.kr/?k=%EC%84%9C%EC%B4%88%EA%B5%AC-%EC%99%B8%EB%B2%BD%EC%B2%AD%EC%86%8C,N
구/시,서초,유리창청소,서초 유리창청소,https://www.allcareservice.co.kr/?k=서초-유리창청소,noindex,https://www.allcareservice.co.kr/?k=%EC%84%9C%EC%B4%88%EA%B5%AC-%EC%9C%A0%EB%A6%AC%EC%B0%BD%EC%B2%AD%EC%86%8C,N
구/시,서초,화재청소,서초 화재청소,https://www.allcareservice.co.kr/?k=서초-화재청소,noindex,https://www.allcareservice.co.kr/?k=%EC%84%9C%EC%B4%88%EA%B5%AC-%ED%99%94%EC%9E%AC%EC%B2%AD%EC%86%8C,N
구/시,서초,바닥왁스코팅,서초 바닥왁스코팅,https://www.allcareservice.co.kr/?k=서초-바닥왁스코팅,noindex,https://www.allcareservice.co.kr/?k=%EC%84%9C%EC%B4%88%EA%B5%AC-%EB%B0%94%EB%8B%A5%EC%99%81%EC%8A%A4%EC%BD%94%ED%8C%85,N
구/시,서초,어닝청소,서초 어닝청소,https://www.allcareservice.co.kr/?k=서초-어닝청소,noindex,https://www.allcareservice.co.kr/?k=%EC%84%9C%EC%B4%88%EA%B5%AC-%EC%96%B4%EB%8B%9D%EC%B2%AD%EC%86%8C,N
구/시,서초,간판청소,서초 간판청소,https://www.allcareservice.co.kr/?k=서초-간판청소,noindex,https://www.allcareservice.co.kr/?k=%EC%84%9C%EC%B4%88%EA%B5%AC-%EA%B0%84%ED%8C%90%EC%B2%AD%EC%86%8C,N
구/시,서초,인테리어 후 청소,서초 인테리어 후 청소,https://www.allcareservice.co.kr/?k=서초-인테리어-후-청소,noindex,https://www.allcareservice.co.kr/?k=%EC%84%9C%EC%B4%88%EA%B5%AC-%EC%9D%B8%ED%85%8C%EB%A6%AC%EC%96%B4-%ED%9B%84-%EC%B2%AD%EC%86%8C,N
구/시,서초,준공청소,서초 준공청소,https://www.allcareservice.co.kr/?k=서초-준공청소,noindex,https://www.allcareservice.co.kr/?k=%EC%84%9C%EC%B4%88%EA%B5%AC-%EC%A4%80%EA%B3%B5%EC%B2%AD%EC%86%8C,N
구/시,서초,후드청소,서초 후드청소,https://www.allcareservice.co.kr/?k=서초-후드청소,noindex,https://www.allcareservice.co.kr/?k=%EC%84%9C%EC%B4%88%EA%B5%AC-%ED%9B%84%EB%93%9C%EC%B2%AD%EC%86%8C,N
구/시,서초,특수청소,서초 특수청소,https://www.allcareservice.co.kr/?k=서초-특수청소,noindex,https://www.allcareservice.co.kr/?k=%EC%84%9C%EC%B4%88%EA%B5%AC-%ED%8A%B9%EC%88%98%EC%B2%AD%EC%86%8C,N
구/시,서초,바닥청소,서초 바닥청소,https://www.allcareservice.co.kr/?k=서초-바닥청소,noindex,https://www.allcareservice.co.kr/?k=%EC%84%9C%EC%B4%88%EA%B5%AC-%EB%B0%94%EB%8B%A5%EC%B2%AD%EC%86%8C,N
구/시,서초,쓰레기집 청소,서초 쓰레기집 청소,https://www.allcareservice.co.kr/?k=서초-쓰레기집-청소,noindex,https://www.allcareservice.co.kr/?k=%EC%84%9C%EC%B4%88%EA%B5%AC-%EC%93%B0%EB%A0%88%EA%B8%B0%EC%A7%91-%EC%B2%AD%EC%86%8C,N
구/시,강남,외벽청소,강남 외벽청소,https://www.allcareservice.co.kr/?k=강남-외벽청소,noindex,https://www.allcareservice.co.kr/?k=%EA%B0%95%EB%82%A8%EA%B5%AC-%EC%99%B8%EB%B2%BD%EC%B2%AD%EC%86%8C,N
구/시,강남,유리창청소,강남 유리창청소,https://www.allcareservice.co.kr/?k=강남-유리창청소,noindex,https://www.allcareservice.co.kr/?k=%EA%B0%95%EB%82%A8%EA%B5%AC-%EC%9C%A0%EB%A6%AC%EC%B0%BD%EC%B2%AD%EC%86%8C,N
구/시,강남,화재청소,강남 화재청소,https://www.allcareservice.co.kr/?k=강남-화재청소,noindex,https://www.allcareservice.co.kr/?k=%EA%B0%95%EB%82%A8%EA%B5%AC-%ED%99%94%EC%9E%AC%EC%B2%AD%EC%86%8C,N
구/시,강남,바닥왁스코팅,강남 바닥왁스코팅,https://www.allcareservice.co.kr/?k=강남-바닥왁스코팅,noindex,https://www.allcareservice.co.kr/?k=%EA%B0%95%EB%82%A8%EA%B5%AC-%EB%B0%94%EB%8B%A5%EC%99%81%EC%8A%A4%EC%BD%94%ED%8C%85,N
구/시,강남,어닝청소,강남 어닝청소,https://www.allcareservice.co.kr/?k=강남-어닝청소,noindex,https://www.allcareservice.co.kr/?k=%EA%B0%95%EB%82%A8%EA%B5%AC-%EC%96%B4%EB%8B%9D%EC%B2%AD%EC%86%8C,N
구/시,강남,간판청소,강남 간판청소,https://www.allcareservice.co.kr/?k=강남-간판청소,noindex,https://www.allcareservice.co.kr/?k=%EA%B0%95%EB%82%A8%EA%B5%AC-%EA%B0%84%ED%8C%90%EC%B2%AD%EC%86%8C,N
구/시,강남,인테리어 후 청소,강남 인테리어 후 청소,https://www.allcareservice.co.kr/?k=강남-인테리어-후-청소,noindex,https://www.allcareservice.co.kr/?k=%EA%B0%95%EB%82%A8%EA%B5%AC-%EC%9D%B8%ED%85%8C%EB%A6%AC%EC%96%B4-%ED%9B%84-%EC%B2%AD%EC%86%8C,N
구/시,강남,준공청소,강남 준공청소,https://www.allcareservice.co.kr/?k=강남-준공청소,noindex,https://www.allcareservice.co.kr/?k=%EA%B0%95%EB%82%A8%EA%B5%AC-%EC%A4%80%EA%B3%B5%EC%B2%AD%EC%86%8C,N
구/시,강남,후드청소,강남 후드청소,https://www.allcareservice.co.kr/?k=강남-후드청소,noindex,https://www.allcareservice.co.kr/?k=%EA%B0%95%EB%82%A8%EA%B5%AC-%ED%9B%84%EB%93%9C%EC%B2%AD%EC%86%8C,N
구/시,강남,특수청소,강남 특수청소,https://www.allcareservice.co.kr/?k=강남-특수청소,noindex,https://www.allcareservice.co.kr/?k=%EA%B0%95%EB%82%A8%EA%B5%AC-%ED%8A%B9%EC%88%98%EC%B2%AD%EC%86%8C,N
구/시,강남,바닥청소,강남 바닥청소,https://www.allcareservice.co.kr/?k=강남-바닥청소,noindex,https://www.allcareservice.co.kr/?k=%EA%B0%95%EB%82%A8%EA%B5%AC-%EB%B0%94%EB%8B%A5%EC%B2%AD%EC%86%8C,N
구/시,강남,쓰레기집 청소,강남 쓰레기집 청소,https://www.allcareservice.co.kr/?k=강남-쓰레기집-청소,noindex,https://www.allcareservice.co.kr/?k=%EA%B0%95%EB%82%A8%EA%B5%AC-%EC%93%B0%EB%A0%88%EA%B8%B0%EC%A7%91-%EC%B2%AD%EC%86%8C,N
구/시,송파,외벽청소,송파 외벽청소,https://www.allcareservice.co.kr/?k=송파-외벽청소,noindex,https://www.allcareservice.co.kr/?k=%EC%86%A1%ED%8C%8C%EA%B5%AC-%EC%99%B8%EB%B2%BD%EC%B2%AD%EC%86%8C,N
구/시,송파,유리창청소,송파 유리창청소,https://www.allcareservice.co.kr/?k=송파-유리창청소,noindex,https://www.allcareservice.co.kr/?k=%EC%86%A1%ED%8C%8C%EA%B5%AC-%EC%9C%A0%EB%A6%AC%EC%B0%BD%EC%B2%AD%EC%86%8C,N
구/시,송파,화재청소,송파 화재청소,https://www.allcareservice.co.kr/?k=송파-화재청소,noindex,https://www.allcareservice.co.kr/?k=%EC%86%A1%ED%8C%8C%EA%B5%AC-%ED%99%94%EC%9E%AC%EC%B2%AD%EC%86%8C,N
구/시,송파,바닥왁스코팅,송파 바닥왁스코팅,https://www.allcareservice.co.kr/?k=송파-바닥왁스코팅,noindex,https://www.allcareservice.co.kr/?k=%EC%86%A1%ED%8C%8C%EA%B5%AC-%EB%B0%94%EB%8B%A5%EC%99%81%EC%8A%A4%EC%BD%94%ED%8C%85,N
구/시,송파,어닝청소,송파 어닝청소,https://www.allcareservice.co.kr/?k=송파-어닝청소,noindex,https://www.allcareservice.co.kr/?k=%EC%86%A1%ED%8C%8C%EA%B5%AC-%EC%96%B4%EB%8B%9D%EC%B2%AD%EC%86%8C,N
구/시,송파,간판청소,송파 간판청소,https://www.allcareservice.co.kr/?k=송파-간판청소,noindex,https://www.allcareservice.co.kr/?k=%EC%86%A1%ED%8C%8C%EA%B5%AC-%EA%B0%84%ED%8C%90%EC%B2%AD%EC%86%8C,N
구/시,송파,인테리어 후 청소,송파 인테리어 후 청소,https://www.allcareservice.co.kr/?k=송파-인테리어-후-청소,noindex,https://www.allcareservice.co.kr/?k=%EC%86%A1%ED%8C%8C%EA%B5%AC-%EC%9D%B8%ED%85%8C%EB%A6%AC%EC%96%B4-%ED%9B%84-%EC%B2%AD%EC%86%8C,N
구/시,송파,준공청소,송파 준공청소,https://www.allcareservice.co.kr/?k=송파-준공청소,noindex,https://www.allcareservice.co.kr/?k=%EC%86%A1%ED%8C%8C%EA%B5%AC-%EC%A4%80%EA%B3%B5%EC%B2%AD%EC%86%8C,N
구/시,송파,후드청소,송파 후드청소,https://www.allcareservice.co.kr/?k=송파-후드청소,noindex,https://www.allcareservice.co.kr/?k=%EC%86%A1%ED%8C%8C%EA%B5%AC-%ED%9B%84%EB%93%9C%EC%B2%AD%EC%86%8C,N
구/시,송파,특수청소,송파 특수청소,https://www.allcareservice.co.kr/?k=송파-특수청소,noindex,https://www.allcareservice.co.kr/?k=%EC%86%A1%ED%8C%8C%EA%B5%AC-%ED%8A%B9%EC%88%98%EC%B2%AD%EC%86%8C,N
구/시,송파,바닥청소,송파 바닥청소,https://www.allcareservice.co.kr/?k=송파-바닥청소,noindex,https://www.allcareservice.co.kr/?k=%EC%86%A1%ED%8C%8C%EA%B5%AC-%EB%B0%94%EB%8B%A5%EC%B2%AD%EC%86%8C,N
구/시,송파,쓰레기집 청소,송파 쓰레기집 청소,https://www.allcareservice.co.kr/?k=송파-쓰레기집-청소,noindex,https://www.allcareservice.co.kr/?k=%EC%86%A1%ED%8C%8C%EA%B5%AC-%EC%93%B0%EB%A0%88%EA%B8%B0%EC%A7%91-%EC%B2%AD%EC%86%8C,N
구/시,강동,외벽청소,강동 외벽청소,https://www.allcareservice.co.kr/?k=강동-외벽청소,noindex,https://www.allcareservice.co.kr/?k=%EA%B0%95%EB%8F%99%EA%B5%AC-%EC%99%B8%EB%B2%BD%EC%B2%AD%EC%86%8C,N
구/시,강동,유리창청소,강동 유리창청소,https://www.allcareservice.co.kr/?k=강동-유리창청소,noindex,https://www.allcareservice.co.kr/?k=%EA%B0%95%EB%8F%99%EA%B5%AC-%EC%9C%A0%EB%A6%AC%EC%B0%BD%EC%B2%AD%EC%86%8C,N
구/시,강동,화재청소,강동 화재청소,https://www.allcareservice.co.kr/?k=강동-화재청소,noindex,https://www.allcareservice.co.kr/?k=%EA%B0%95%EB%8F%99%EA%B5%AC-%ED%99%94%EC%9E%AC%EC%B2%AD%EC%86%8C,N
구/시,강동,바닥왁스코팅,강동 바닥왁스코팅,https://www.allcareservice.co.kr/?k=강동-바닥왁스코팅,noindex,https://www.allcareservice.co.kr/?k=%EA%B0%95%EB%8F%99%EA%B5%AC-%EB%B0%94%EB%8B%A5%EC%99%81%EC%8A%A4%EC%BD%94%ED%8C%85,N
구/시,강동,어닝청소,강동 어닝청소,https://www.allcareservice.co.kr/?k=강동-어닝청소,noindex,https://www.allcareservice.co.kr/?k=%EA%B0%95%EB%8F%99%EA%B5%AC-%EC%96%B4%EB%8B%9D%EC%B2%AD%EC%86%8C,N
구/시,강동,간판청소,강동 간판청소,https://www.allcareservice.co.kr/?k=강동-간판청소,noindex,https://www.allcareservice.co.kr/?k=%EA%B0%95%EB%8F%99%EA%B5%AC-%EA%B0%84%ED%8C%90%EC%B2%AD%EC%86%8C,N
구/시,강동,인테리어 후 청소,강동 인테리어 후 청소,https://www.allcareservice.co.kr/?k=강동-인테리어-후-청소,noindex,https://www.allcareservice.co.kr/?k=%EA%B0%95%EB%8F%99%EA%B5%AC-%EC%9D%B8%ED%85%8C%EB%A6%AC%EC%96%B4-%ED%9B%84-%EC%B2%AD%EC%86%8C,N
구/시,강동,준공청소,강동 준공청소,https://www.allcareservice.co.kr/?k=강동-준공청소,noindex,https://www.allcareservice.co.kr/?k=%EA%B0%95%EB%8F%99%EA%B5%AC-%EC%A4%80%EA%B3%B5%EC%B2%AD%EC%86%8C,N
구/시,강동,후드청소,강동 후드청소,https://www.allcareservice.co.kr/?k=강동-후드청소,noindex,https://www.allcareservice.co.kr/?k=%EA%B0%95%EB%8F%99%EA%B5%AC-%ED%9B%84%EB%93%9C%EC%B2%AD%EC%86%8C,N
구/시,강동,특수청소,강동 특수청소,https://www.allcareservice.co.kr/?k=강동-특수청소,noindex,https://www.allcareservice.co.kr/?k=%EA%B0%95%EB%8F%99%EA%B5%AC-%ED%8A%B9%EC%88%98%EC%B2%AD%EC%86%8C,N
구/시,강동,바닥청소,강동 바닥청소,https://www.allcareservice.co.kr/?k=강동-바닥청소,noindex,https://www.allcareservice.co.kr/?k=%EA%B0%95%EB%8F%99%EA%B5%AC-%EB%B0%94%EB%8B%A5%EC%B2%AD%EC%86%8C,N
구/시,강동,쓰레기집 청소,강동 쓰레기집 청소,https://www.allcareservice.co.kr/?k=강동-쓰레기집-청소,noindex,https://www.allcareservice.co.kr/?k=%EA%B0%95%EB%8F%99%EA%B5%AC-%EC%93%B0%EB%A0%88%EA%B8%B0%EC%A7%91-%EC%B2%AD%EC%86%8C,N
구/시,광진,외벽청소,광진 외벽청소,https://www.allcareservice.co.kr/?k=광진-외벽청소,noindex,https://www.allcareservice.co.kr/?k=%EA%B4%91%EC%A7%84%EA%B5%AC-%EC%99%B8%EB%B2%BD%EC%B2%AD%EC%86%8C,N
구/시,광진,유리창청소,광진 유리창청소,https://www.allcareservice.co.kr/?k=광진-유리창청소,noindex,https://www.allcareservice.co.kr/?k=%EA%B4%91%EC%A7%84%EA%B5%AC-%EC%9C%A0%EB%A6%AC%EC%B0%BD%EC%B2%AD%EC%86%8C,N
구/시,광진,화재청소,광진 화재청소,https://www.allcareservice.co.kr/?k=광진-화재청소,noindex,https://www.allcareservice.co.kr/?k=%EA%B4%91%EC%A7%84%EA%B5%AC-%ED%99%94%EC%9E%AC%EC%B2%AD%EC%86%8C,N
구/시,광진,바닥왁스코팅,광진 바닥왁스코팅,https://www.allcareservice.co.kr/?k=광진-바닥왁스코팅,noindex,https://www.allcareservice.co.kr/?k=%EA%B4%91%EC%A7%84%EA%B5%AC-%EB%B0%94%EB%8B%A5%EC%99%81%EC%8A%A4%EC%BD%94%ED%8C%85,N
구/시,광진,어닝청소,광진 어닝청소,https://www.allcareservice.co.kr/?k=광진-어닝청소,noindex,https://www.allcareservice.co.kr/?k=%EA%B4%91%EC%A7%84%EA%B5%AC-%EC%96%B4%EB%8B%9D%EC%B2%AD%EC%86%8C,N
구/시,광진,간판청소,광진 간판청소,https://www.allcareservice.co.kr/?k=광진-간판청소,noindex,https://www.allcareservice.co.kr/?k=%EA%B4%91%EC%A7%84%EA%B5%AC-%EA%B0%84%ED%8C%90%EC%B2%AD%EC%86%8C,N
구/시,광진,인테리어 후 청소,광진 인테리어 후 청소,https://www.allcareservice.co.kr/?k=광진-인테리어-후-청소,noindex,https://www.allcareservice.co.kr/?k=%EA%B4%91%EC%A7%84%EA%B5%AC-%EC%9D%B8%ED%85%8C%EB%A6%AC%EC%96%B4-%ED%9B%84-%EC%B2%AD%EC%86%8C,N
구/시,광진,준공청소,광진 준공청소,https://www.allcareservice.co.kr/?k=광진-준공청소,noindex,https://www.allcareservice.co.kr/?k=%EA%B4%91%EC%A7%84%EA%B5%AC-%EC%A4%80%EA%B3%B5%EC%B2%AD%EC%86%8C,N
구/시,광진,후드청소,광진 후드청소,https://www.allcareservice.co.kr/?k=광진-후드청소,noindex,https://www.allcareservice.co.kr/?k=%EA%B4%91%EC%A7%84%EA%B5%AC-%ED%9B%84%EB%93%9C%EC%B2%AD%EC%86%8C,N
구/시,광진,특수청소,광진 특수청소,https://www.allcareservice.co.kr/?k=광진-특수청소,noindex,https://www.allcareservice.co.kr/?k=%EA%B4%91%EC%A7%84%EA%B5%AC-%ED%8A%B9%EC%88%98%EC%B2%AD%EC%86%8C,N
구/시,광진,바닥청소,광진 바닥청소,https://www.allcareservice.co.kr/?k=광진-바닥청소,noindex,https://www.allcareservice.co.kr/?k=%EA%B4%91%EC%A7%84%EA%B5%AC-%EB%B0%94%EB%8B%A5%EC%B2%AD%EC%86%8C,N
구/시,광진,쓰레기집 청소,광진 쓰레기집 청소,https://www.allcareservice.co.kr/?k=광진-쓰레기집-청소,noindex,https://www.allcareservice.co.kr/?k=%EA%B4%91%EC%A7%84%EA%B5%AC-%EC%93%B0%EB%A0%88%EA%B8%B0%EC%A7%91-%EC%B2%AD%EC%86%8C,N
구/시,성동,외벽청소,성동 외벽청소,https://www.allcareservice.co.kr/?k=성동-외벽청소,noindex,https://www.allcareservice.co.kr/?k=%EC%84%B1%EB%8F%99%EA%B5%AC-%EC%99%B8%EB%B2%BD%EC%B2%AD%EC%86%8C,N
구/시,성동,유리창청소,성동 유리창청소,https://www.allcareservice.co.kr/?k=성동-유리창청소,noindex,https://www.allcareservice.co.kr/?k=%EC%84%B1%EB%8F%99%EA%B5%AC-%EC%9C%A0%EB%A6%AC%EC%B0%BD%EC%B2%AD%EC%86%8C,N
구/시,성동,화재청소,성동 화재청소,https://www.allcareservice.co.kr/?k=성동-화재청소,noindex,https://www.allcareservice.co.kr/?k=%EC%84%B1%EB%8F%99%EA%B5%AC-%ED%99%94%EC%9E%AC%EC%B2%AD%EC%86%8C,N
구/시,성동,바닥왁스코팅,성동 바닥왁스코팅,https://www.allcareservice.co.kr/?k=성동-바닥왁스코팅,noindex,https://www.allcareservice.co.kr/?k=%EC%84%B1%EB%8F%99%EA%B5%AC-%EB%B0%94%EB%8B%A5%EC%99%81%EC%8A%A4%EC%BD%94%ED%8C%85,N
구/시,성동,어닝청소,성동 어닝청소,https://www.allcareservice.co.kr/?k=성동-어닝청소,noindex,https://www.allcareservice.co.kr/?k=%EC%84%B1%EB%8F%99%EA%B5%AC-%EC%96%B4%EB%8B%9D%EC%B2%AD%EC%86%8C,N
구/시,성동,간판청소,성동 간판청소,https://www.allcareservice.co.kr/?k=성동-간판청소,noindex,https://www.allcareservice.co.kr/?k=%EC%84%B1%EB%8F%99%EA%B5%AC-%EA%B0%84%ED%8C%90%EC%B2%AD%EC%86%8C,N
구/시,성동,인테리어 후 청소,성동 인테리어 후 청소,https://www.allcareservice.co.kr/?k=성동-인테리어-후-청소,noindex,https://www.allcareservice.co.kr/?k=%EC%84%B1%EB%8F%99%EA%B5%AC-%EC%9D%B8%ED%85%8C%EB%A6%AC%EC%96%B4-%ED%9B%84-%EC%B2%AD%EC%86%8C,N
구/시,성동,준공청소,성동 준공청소,https://www.allcareservice.co.kr/?k=성동-준공청소,noindex,https://www.allcareservice.co.kr/?k=%EC%84%B1%EB%8F%99%EA%B5%AC-%EC%A4%80%EA%B3%B5%EC%B2%AD%EC%86%8C,N
구/시,성동,후드청소,성동 후드청소,https://www.allcareservice.co.kr/?k=성동-후드청소,noindex,https://www.allcareservice.co.kr/?k=%EC%84%B1%EB%8F%99%EA%B5%AC-%ED%9B%84%EB%93%9C%EC%B2%AD%EC%86%8C,N
구/시,성동,특수청소,성동 특수청소,https://www.allcareservice.co.kr/?k=성동-특수청소,noindex,https://www.allcareservice.co.kr/?k=%EC%84%B1%EB%8F%99%EA%B5%AC-%ED%8A%B9%EC%88%98%EC%B2%AD%EC%86%8C,N
구/시,성동,바닥청소,성동 바닥청소,https://www.allcareservice.co.kr/?k=성동-바닥청소,noindex,https://www.allcareservice.co.kr/?k=%EC%84%B1%EB%8F%99%EA%B5%AC-%EB%B0%94%EB%8B%A5%EC%B2%AD%EC%86%8C,N
구/시,성동,쓰레기집 청소,성동 쓰레기집 청소,https://www.allcareservice.co.kr/?k=성동-쓰레기집-청소,noindex,https://www.allcareservice.co.kr/?k=%EC%84%B1%EB%8F%99%EA%B5%AC-%EC%93%B0%EB%A0%88%EA%B8%B0%EC%A7%91-%EC%B2%AD%EC%86%8C,N
구/시,동대문,외벽청소,동대문 외벽청소,https://www.allcareservice.co.kr/?k=동대문-외벽청소,noindex,https://www.allcareservice.co.kr/?k=%EB%8F%99%EB%8C%80%EB%AC%B8%EA%B5%AC-%EC%99%B8%EB%B2%BD%EC%B2%AD%EC%86%8C,N
구/시,동대문,유리창청소,동대문 유리창청소,https://www.allcareservice.co.kr/?k=동대문-유리창청소,noindex,https://www.allcareservice.co.kr/?k=%EB%8F%99%EB%8C%80%EB%AC%B8%EA%B5%AC-%EC%9C%A0%EB%A6%AC%EC%B0%BD%EC%B2%AD%EC%86%8C,N
구/시,동대문,화재청소,동대문 화재청소,https://www.allcareservice.co.kr/?k=동대문-화재청소,noindex,https://www.allcareservice.co.kr/?k=%EB%8F%99%EB%8C%80%EB%AC%B8%EA%B5%AC-%ED%99%94%EC%9E%AC%EC%B2%AD%EC%86%8C,N
구/시,동대문,바닥왁스코팅,동대문 바닥왁스코팅,https://www.allcareservice.co.kr/?k=동대문-바닥왁스코팅,noindex,https://www.allcareservice.co.kr/?k=%EB%8F%99%EB%8C%80%EB%AC%B8%EA%B5%AC-%EB%B0%94%EB%8B%A5%EC%99%81%EC%8A%A4%EC%BD%94%ED%8C%85,N
구/시,동대문,어닝청소,동대문 어닝청소,https://www.allcareservice.co.kr/?k=동대문-어닝청소,noindex,https://www.allcareservice.co.kr/?k=%EB%8F%99%EB%8C%80%EB%AC%B8%EA%B5%AC-%EC%96%B4%EB%8B%9D%EC%B2%AD%EC%86%8C,N
구/시,동대문,간판청소,동대문 간판청소,https://www.allcareservice.co.kr/?k=동대문-간판청소,noindex,https://www.allcareservice.co.kr/?k=%EB%8F%99%EB%8C%80%EB%AC%B8%EA%B5%AC-%EA%B0%84%ED%8C%90%EC%B2%AD%EC%86%8C,N
구/시,동대문,인테리어 후 청소,동대문 인테리어 후 청소,https://www.allcareservice.co.kr/?k=동대문-인테리어-후-청소,noindex,https://www.allcareservice.co.kr/?k=%EB%8F%99%EB%8C%80%EB%AC%B8%EA%B5%AC-%EC%9D%B8%ED%85%8C%EB%A6%AC%EC%96%B4-%ED%9B%84-%EC%B2%AD%EC%86%8C,N
구/시,동대문,준공청소,동대문 준공청소,https://www.allcareservice.co.kr/?k=동대문-준공청소,noindex,https://www.allcareservice.co.kr/?k=%EB%8F%99%EB%8C%80%EB%AC%B8%EA%B5%AC-%EC%A4%80%EA%B3%B5%EC%B2%AD%EC%86%8C,N
구/시,동대문,후드청소,동대문 후드청소,https://www.allcareservice.co.kr/?k=동대문-후드청소,noindex,https://www.allcareservice.co.kr/?k=%EB%8F%99%EB%8C%80%EB%AC%B8%EA%B5%AC-%ED%9B%84%EB%93%9C%EC%B2%AD%EC%86%8C,N
구/시,동대문,특수청소,동대문 특수청소,https://www.allcareservice.co.kr/?k=동대문-특수청소,noindex,https://www.allcareservice.co.kr/?k=%EB%8F%99%EB%8C%80%EB%AC%B8%EA%B5%AC-%ED%8A%B9%EC%88%98%EC%B2%AD%EC%86%8C,N
구/시,동대문,바닥청소,동대문 바닥청소,https://www.allcareservice.co.kr/?k=동대문-바닥청소,noindex,https://www.allcareservice.co.kr/?k=%EB%8F%99%EB%8C%80%EB%AC%B8%EA%B5%AC-%EB%B0%94%EB%8B%A5%EC%B2%AD%EC%86%8C,N
구/시,동대문,쓰레기집 청소,동대문 쓰레기집 청소,https://www.allcareservice.co.kr/?k=동대문-쓰레기집-청소,noindex,https://www.allcareservice.co.kr/?k=%EB%8F%99%EB%8C%80%EB%AC%B8%EA%B5%AC-%EC%93%B0%EB%A0%88%EA%B8%B0%EC%A7%91-%EC%B2%AD%EC%86%8C,N
구/시,중랑,외벽청소,중랑 외벽청소,https://www.allcareservice.co.kr/?k=중랑-외벽청소,noindex,https://www.allcareservice.co.kr/?k=%EC%A4%91%EB%9E%91%EA%B5%AC-%EC%99%B8%EB%B2%BD%EC%B2%AD%EC%86%8C,N
구/시,중랑,유리창청소,중랑 유리창청소,https://www.allcareservice.co.kr/?k=중랑-유리창청소,noindex,https://www.allcareservice.co.kr/?k=%EC%A4%91%EB%9E%91%EA%B5%AC-%EC%9C%A0%EB%A6%AC%EC%B0%BD%EC%B2%AD%EC%86%8C,N
구/시,중랑,화재청소,중랑 화재청소,https://www.allcareservice.co.kr/?k=중랑-화재청소,noindex,https://www.allcareservice.co.kr/?k=%EC%A4%91%EB%9E%91%EA%B5%AC-%ED%99%94%EC%9E%AC%EC%B2%AD%EC%86%8C,N
구/시,중랑,바닥왁스코팅,중랑 바닥왁스코팅,https://www.allcareservice.co.kr/?k=중랑-바닥왁스코팅,noindex,https://www.allcareservice.co.kr/?k=%EC%A4%91%EB%9E%91%EA%B5%AC-%EB%B0%94%EB%8B%A5%EC%99%81%EC%8A%A4%EC%BD%94%ED%8C%85,N
구/시,중랑,어닝청소,중랑 어닝청소,https://www.allcareservice.co.kr/?k=중랑-어닝청소,noindex,https://www.allcareservice.co.kr/?k=%EC%A4%91%EB%9E%91%EA%B5%AC-%EC%96%B4%EB%8B%9D%EC%B2%AD%EC%86%8C,N
구/시,중랑,간판청소,중랑 간판청소,https://www.allcareservice.co.kr/?k=중랑-간판청소,noindex,https://www.allcareservice.co.kr/?k=%EC%A4%91%EB%9E%91%EA%B5%AC-%EA%B0%84%ED%8C%90%EC%B2%AD%EC%86%8C,N
구/시,중랑,인테리어 후 청소,중랑 인테리어 후 청소,https://www.allcareservice.co.kr/?k=중랑-인테리어-후-청소,noindex,https://www.allcareservice.co.kr/?k=%EC%A4%91%EB%9E%91%EA%B5%AC-%EC%9D%B8%ED%85%8C%EB%A6%AC%EC%96%B4-%ED%9B%84-%EC%B2%AD%EC%86%8C,N
구/시,중랑,준공청소,중랑 준공청소,https://www.allcareservice.co.kr/?k=중랑-준공청소,noindex,https://www.allcareservice.co.kr/?k=%EC%A4%91%EB%9E%91%EA%B5%AC-%EC%A4%80%EA%B3%B5%EC%B2%AD%EC%86%8C,N
구/시,중랑,후드청소,중랑 후드청소,https://www.allcareservice.co.kr/?k=중랑-후드청소,noindex,https://www.allcareservice.co.kr/?k=%EC%A4%91%EB%9E%91%EA%B5%AC-%ED%9B%84%EB%93%9C%EC%B2%AD%EC%86%8C,N
구/시,중랑,특수청소,중랑 특수청소,https://www.allcareservice.co.kr/?k=중랑-특수청소,noindex,https://www.allcareservice.co.kr/?k=%EC%A4%91%EB%9E%91%EA%B5%AC-%ED%8A%B9%EC%88%98%EC%B2%AD%EC%86%8C,N
구/시,중랑,바닥청소,중랑 바닥청소,https://www.allcareservice.co.kr/?k=중랑-바닥청소,noindex,https://www.allcareservice.co.kr/?k=%EC%A4%91%EB%9E%91%EA%B5%AC-%EB%B0%94%EB%8B%A5%EC%B2%AD%EC%86%8C,N
구/시,중랑,쓰레기집 청소,중랑 쓰레기집 청소,https://www.allcareservice.co.kr/?k=중랑-쓰레기집-청소,noindex,https://www.allcareservice.co.kr/?k=%EC%A4%91%EB%9E%91%EA%B5%AC-%EC%93%B0%EB%A0%88%EA%B8%B0%EC%A7%91-%EC%B2%AD%EC%86%8C,N
구/시,성북,외벽청소,성북 외벽청소,https://www.allcareservice.co.kr/?k=성북-외벽청소,noindex,https://www.allcareservice.co.kr/?k=%EC%84%B1%EB%B6%81%EA%B5%AC-%EC%99%B8%EB%B2%BD%EC%B2%AD%EC%86%8C,N
구/시,성북,유리창청소,성북 유리창청소,https://www.allcareservice.co.kr/?k=성북-유리창청소,noindex,https://www.allcareservice.co.kr/?k=%EC%84%B1%EB%B6%81%EA%B5%AC-%EC%9C%A0%EB%A6%AC%EC%B0%BD%EC%B2%AD%EC%86%8C,N
구/시,성북,화재청소,성북 화재청소,https://www.allcareservice.co.kr/?k=성북-화재청소,noindex,https://www.allcareservice.co.kr/?k=%EC%84%B1%EB%B6%81%EA%B5%AC-%ED%99%94%EC%9E%AC%EC%B2%AD%EC%86%8C,N
구/시,성북,바닥왁스코팅,성북 바닥왁스코팅,https://www.allcareservice.co.kr/?k=성북-바닥왁스코팅,noindex,https://www.allcareservice.co.kr/?k=%EC%84%B1%EB%B6%81%EA%B5%AC-%EB%B0%94%EB%8B%A5%EC%99%81%EC%8A%A4%EC%BD%94%ED%8C%85,N
구/시,성북,어닝청소,성북 어닝청소,https://www.allcareservice.co.kr/?k=성북-어닝청소,noindex,https://www.allcareservice.co.kr/?k=%EC%84%B1%EB%B6%81%EA%B5%AC-%EC%96%B4%EB%8B%9D%EC%B2%AD%EC%86%8C,N
구/시,성북,간판청소,성북 간판청소,https://www.allcareservice.co.kr/?k=성북-간판청소,noindex,https://www.allcareservice.co.kr/?k=%EC%84%B1%EB%B6%81%EA%B5%AC-%EA%B0%84%ED%8C%90%EC%B2%AD%EC%86%8C,N
구/시,성북,인테리어 후 청소,성북 인테리어 후 청소,https://www.allcareservice.co.kr/?k=성북-인테리어-후-청소,noindex,https://www.allcareservice.co.kr/?k=%EC%84%B1%EB%B6%81%EA%B5%AC-%EC%9D%B8%ED%85%8C%EB%A6%AC%EC%96%B4-%ED%9B%84-%EC%B2%AD%EC%86%8C,N
구/시,성북,준공청소,성북 준공청소,https://www.allcareservice.co.kr/?k=성북-준공청소,noindex,https://www.allcareservice.co.kr/?k=%EC%84%B1%EB%B6%81%EA%B5%AC-%EC%A4%80%EA%B3%B5%EC%B2%AD%EC%86%8C,N
구/시,성북,후드청소,성북 후드청소,https://www.allcareservice.co.kr/?k=성북-후드청소,noindex,https://www.allcareservice.co.kr/?k=%EC%84%B1%EB%B6%81%EA%B5%AC-%ED%9B%84%EB%93%9C%EC%B2%AD%EC%86%8C,N
구/시,성북,특수청소,성북 특수청소,https://www.allcareservice.co.kr/?k=성북-특수청소,noindex,https://www.allcareservice.co.kr/?k=%EC%84%B1%EB%B6%81%EA%B5%AC-%ED%8A%B9%EC%88%98%EC%B2%AD%EC%86%8C,N
구/시,성북,바닥청소,성북 바닥청소,https://www.allcareservice.co.kr/?k=성북-바닥청소,noindex,https://www.allcareservice.co.kr/?k=%EC%84%B1%EB%B6%81%EA%B5%AC-%EB%B0%94%EB%8B%A5%EC%B2%AD%EC%86%8C,N
구/시,성북,쓰레기집 청소,성북 쓰레기집 청소,https://www.allcareservice.co.kr/?k=성북-쓰레기집-청소,noindex,https://www.allcareservice.co.kr/?k=%EC%84%B1%EB%B6%81%EA%B5%AC-%EC%93%B0%EB%A0%88%EA%B8%B0%EC%A7%91-%EC%B2%AD%EC%86%8C,N
구/시,강북,외벽청소,강북 외벽청소,https://www.allcareservice.co.kr/?k=강북-외벽청소,noindex,https://www.allcareservice.co.kr/?k=%EA%B0%95%EB%B6%81%EA%B5%AC-%EC%99%B8%EB%B2%BD%EC%B2%AD%EC%86%8C,N
구/시,강북,유리창청소,강북 유리창청소,https://www.allcareservice.co.kr/?k=강북-유리창청소,noindex,https://www.allcareservice.co.kr/?k=%EA%B0%95%EB%B6%81%EA%B5%AC-%EC%9C%A0%EB%A6%AC%EC%B0%BD%EC%B2%AD%EC%86%8C,N
구/시,강북,화재청소,강북 화재청소,https://www.allcareservice.co.kr/?k=강북-화재청소,noindex,https://www.allcareservice.co.kr/?k=%EA%B0%95%EB%B6%81%EA%B5%AC-%ED%99%94%EC%9E%AC%EC%B2%AD%EC%86%8C,N
구/시,강북,바닥왁스코팅,강북 바닥왁스코팅,https://www.allcareservice.co.kr/?k=강북-바닥왁스코팅,noindex,https://www.allcareservice.co.kr/?k=%EA%B0%95%EB%B6%81%EA%B5%AC-%EB%B0%94%EB%8B%A5%EC%99%81%EC%8A%A4%EC%BD%94%ED%8C%85,N
구/시,강북,어닝청소,강북 어닝청소,https://www.allcareservice.co.kr/?k=강북-어닝청소,noindex,https://www.allcareservice.co.kr/?k=%EA%B0%95%EB%B6%81%EA%B5%AC-%EC%96%B4%EB%8B%9D%EC%B2%AD%EC%86%8C,N
구/시,강북,간판청소,강북 간판청소,https://www.allcareservice.co.kr/?k=강북-간판청소,noindex,https://www.allcareservice.co.kr/?k=%EA%B0%95%EB%B6%81%EA%B5%AC-%EA%B0%84%ED%8C%90%EC%B2%AD%EC%86%8C,N
구/시,강북,인테리어 후 청소,강북 인테리어 후 청소,https://www.allcareservice.co.kr/?k=강북-인테리어-후-청소,noindex,https://www.allcareservice.co.kr/?k=%EA%B0%95%EB%B6%81%EA%B5%AC-%EC%9D%B8%ED%85%8C%EB%A6%AC%EC%96%B4-%ED%9B%84-%EC%B2%AD%EC%86%8C,N
구/시,강북,준공청소,강북 준공청소,https://www.allcareservice.co.kr/?k=강북-준공청소,noindex,https://www.allcareservice.co.kr/?k=%EA%B0%95%EB%B6%81%EA%B5%AC-%EC%A4%80%EA%B3%B5%EC%B2%AD%EC%86%8C,N
구/시,강북,후드청소,강북 후드청소,https://www.allcareservice.co.kr/?k=강북-후드청소,noindex,https://www.allcareservice.co.kr/?k=%EA%B0%95%EB%B6%81%EA%B5%AC-%ED%9B%84%EB%93%9C%EC%B2%AD%EC%86%8C,N
구/시,강북,특수청소,강북 특수청소,https://www.allcareservice.co.kr/?k=강북-특수청소,noindex,https://www.allcareservice.co.kr/?k=%EA%B0%95%EB%B6%81%EA%B5%AC-%ED%8A%B9%EC%88%98%EC%B2%AD%EC%86%8C,N
구/시,강북,바닥청소,강북 바닥청소,https://www.allcareservice.co.kr/?k=강북-바닥청소,noindex,https://www.allcareservice.co.kr/?k=%EA%B0%95%EB%B6%81%EA%B5%AC-%EB%B0%94%EB%8B%A5%EC%B2%AD%EC%86%8C,N
구/시,강북,쓰레기집 청소,강북 쓰레기집 청소,https://www.allcareservice.co.kr/?k=강북-쓰레기집-청소,noindex,https://www.allcareservice.co.kr/?k=%EA%B0%95%EB%B6%81%EA%B5%AC-%EC%93%B0%EB%A0%88%EA%B8%B0%EC%A7%91-%EC%B2%AD%EC%86%8C,N
구/시,도봉,외벽청소,도봉 외벽청소,https://www.allcareservice.co.kr/?k=도봉-외벽청소,noindex,https://www.allcareservice.co.kr/?k=%EB%8F%84%EB%B4%89%EA%B5%AC-%EC%99%B8%EB%B2%BD%EC%B2%AD%EC%86%8C,N
구/시,도봉,유리창청소,도봉 유리창청소,https://www.allcareservice.co.kr/?k=도봉-유리창청소,noindex,https://www.allcareservice.co.kr/?k=%EB%8F%84%EB%B4%89%EA%B5%AC-%EC%9C%A0%EB%A6%AC%EC%B0%BD%EC%B2%AD%EC%86%8C,N
구/시,도봉,화재청소,도봉 화재청소,https://www.allcareservice.co.kr/?k=도봉-화재청소,noindex,https://www.allcareservice.co.kr/?k=%EB%8F%84%EB%B4%89%EA%B5%AC-%ED%99%94%EC%9E%AC%EC%B2%AD%EC%86%8C,N
구/시,도봉,바닥왁스코팅,도봉 바닥왁스코팅,https://www.allcareservice.co.kr/?k=도봉-바닥왁스코팅,noindex,https://www.allcareservice.co.kr/?k=%EB%8F%84%EB%B4%89%EA%B5%AC-%EB%B0%94%EB%8B%A5%EC%99%81%EC%8A%A4%EC%BD%94%ED%8C%85,N
구/시,도봉,어닝청소,도봉 어닝청소,https://www.allcareservice.co.kr/?k=도봉-어닝청소,noindex,https://www.allcareservice.co.kr/?k=%EB%8F%84%EB%B4%89%EA%B5%AC-%EC%96%B4%EB%8B%9D%EC%B2%AD%EC%86%8C,N
구/시,도봉,간판청소,도봉 간판청소,https://www.allcareservice.co.kr/?k=도봉-간판청소,noindex,https://www.allcareservice.co.kr/?k=%EB%8F%84%EB%B4%89%EA%B5%AC-%EA%B0%84%ED%8C%90%EC%B2%AD%EC%86%8C,N
구/시,도봉,인테리어 후 청소,도봉 인테리어 후 청소,https://www.allcareservice.co.kr/?k=도봉-인테리어-후-청소,noindex,https://www.allcareservice.co.kr/?k=%EB%8F%84%EB%B4%89%EA%B5%AC-%EC%9D%B8%ED%85%8C%EB%A6%AC%EC%96%B4-%ED%9B%84-%EC%B2%AD%EC%86%8C,N
구/시,도봉,준공청소,도봉 준공청소,https://www.allcareservice.co.kr/?k=도봉-준공청소,noindex,https://www.allcareservice.co.kr/?k=%EB%8F%84%EB%B4%89%EA%B5%AC-%EC%A4%80%EA%B3%B5%EC%B2%AD%EC%86%8C,N
구/시,도봉,후드청소,도봉 후드청소,https://www.allcareservice.co.kr/?k=도봉-후드청소,noindex,https://www.allcareservice.co.kr/?k=%EB%8F%84%EB%B4%89%EA%B5%AC-%ED%9B%84%EB%93%9C%EC%B2%AD%EC%86%8C,N
구/시,도봉,특수청소,도봉 특수청소,https://www.allcareservice.co.kr/?k=도봉-특수청소,noindex,https://www.allcareservice.co.kr/?k=%EB%8F%84%EB%B4%89%EA%B5%AC-%ED%8A%B9%EC%88%98%EC%B2%AD%EC%86%8C,N
구/시,도봉,바닥청소,도봉 바닥청소,https://www.allcareservice.co.kr/?k=도봉-바닥청소,noindex,https://www.allcareservice.co.kr/?k=%EB%8F%84%EB%B4%89%EA%B5%AC-%EB%B0%94%EB%8B%A5%EC%B2%AD%EC%86%8C,N
구/시,도봉,쓰레기집 청소,도봉 쓰레기집 청소,https://www.allcareservice.co.kr/?k=도봉-쓰레기집-청소,noindex,https://www.allcareservice.co.kr/?k=%EB%8F%84%EB%B4%89%EA%B5%AC-%EC%93%B0%EB%A0%88%EA%B8%B0%EC%A7%91-%EC%B2%AD%EC%86%8C,N
구/시,노원,외벽청소,노원 외벽청소,https://www.allcareservice.co.kr/?k=노원-외벽청소,noindex,https://www.allcareservice.co.kr/?k=%EB%85%B8%EC%9B%90%EA%B5%AC-%EC%99%B8%EB%B2%BD%EC%B2%AD%EC%86%8C,N
구/시,노원,유리창청소,노원 유리창청소,https://www.allcareservice.co.kr/?k=노원-유리창청소,noindex,https://www.allcareservice.co.kr/?k=%EB%85%B8%EC%9B%90%EA%B5%AC-%EC%9C%A0%EB%A6%AC%EC%B0%BD%EC%B2%AD%EC%86%8C,N
구/시,노원,화재청소,노원 화재청소,https://www.allcareservice.co.kr/?k=노원-화재청소,noindex,https://www.allcareservice.co.kr/?k=%EB%85%B8%EC%9B%90%EA%B5%AC-%ED%99%94%EC%9E%AC%EC%B2%AD%EC%86%8C,N
구/시,노원,바닥왁스코팅,노원 바닥왁스코팅,https://www.allcareservice.co.kr/?k=노원-바닥왁스코팅,noindex,https://www.allcareservice.co.kr/?k=%EB%85%B8%EC%9B%90%EA%B5%AC-%EB%B0%94%EB%8B%A5%EC%99%81%EC%8A%A4%EC%BD%94%ED%8C%85,N
구/시,노원,어닝청소,노원 어닝청소,https://www.allcareservice.co.kr/?k=노원-어닝청소,noindex,https://www.allcareservice.co.kr/?k=%EB%85%B8%EC%9B%90%EA%B5%AC-%EC%96%B4%EB%8B%9D%EC%B2%AD%EC%86%8C,N
구/시,노원,간판청소,노원 간판청소,https://www.allcareservice.co.kr/?k=노원-간판청소,noindex,https://www.allcareservice.co.kr/?k=%EB%85%B8%EC%9B%90%EA%B5%AC-%EA%B0%84%ED%8C%90%EC%B2%AD%EC%86%8C,N
구/시,노원,인테리어 후 청소,노원 인테리어 후 청소,https://www.allcareservice.co.kr/?k=노원-인테리어-후-청소,noindex,https://www.allcareservice.co.kr/?k=%EB%85%B8%EC%9B%90%EA%B5%AC-%EC%9D%B8%ED%85%8C%EB%A6%AC%EC%96%B4-%ED%9B%84-%EC%B2%AD%EC%86%8C,N
구/시,노원,준공청소,노원 준공청소,https://www.allcareservice.co.kr/?k=노원-준공청소,noindex,https://www.allcareservice.co.kr/?k=%EB%85%B8%EC%9B%90%EA%B5%AC-%EC%A4%80%EA%B3%B5%EC%B2%AD%EC%86%8C,N
구/시,노원,후드청소,노원 후드청소,https://www.allcareservice.co.kr/?k=노원-후드청소,noindex,https://www.allcareservice.co.kr/?k=%EB%85%B8%EC%9B%90%EA%B5%AC-%ED%9B%84%EB%93%9C%EC%B2%AD%EC%86%8C,N
구/시,노원,특수청소,노원 특수청소,https://www.allcareservice.co.kr/?k=노원-특수청소,noindex,https://www.allcareservice.co.kr/?k=%EB%85%B8%EC%9B%90%EA%B5%AC-%ED%8A%B9%EC%88%98%EC%B2%AD%EC%86%8C,N
구/시,노원,바닥청소,노원 바닥청소,https://www.allcareservice.co.kr/?k=노원-바닥청소,noindex,https://www.allcareservice.co.kr/?k=%EB%85%B8%EC%9B%90%EA%B5%AC-%EB%B0%94%EB%8B%A5%EC%B2%AD%EC%86%8C,N
구/시,노원,쓰레기집 청소,노원 쓰레기집 청소,https://www.allcareservice.co.kr/?k=노원-쓰레기집-청소,noindex,https://www.allcareservice.co.kr/?k=%EB%85%B8%EC%9B%90%EA%B5%AC-%EC%93%B0%EB%A0%88%EA%B8%B0%EC%A7%91-%EC%B2%AD%EC%86%8C,N
구/시,구리,외벽청소,구리 외벽청소,https://www.allcareservice.co.kr/?k=구리-외벽청소,noindex,https://www.allcareservice.co.kr/?k=%EA%B5%AC%EB%A6%AC%EC%8B%9C-%EC%99%B8%EB%B2%BD%EC%B2%AD%EC%86%8C,N
구/시,구리,유리창청소,구리 유리창청소,https://www.allcareservice.co.kr/?k=구리-유리창청소,noindex,https://www.allcareservice.co.kr/?k=%EA%B5%AC%EB%A6%AC%EC%8B%9C-%EC%9C%A0%EB%A6%AC%EC%B0%BD%EC%B2%AD%EC%86%8C,N
구/시,구리,화재청소,구리 화재청소,https://www.allcareservice.co.kr/?k=구리-화재청소,noindex,https://www.allcareservice.co.kr/?k=%EA%B5%AC%EB%A6%AC%EC%8B%9C-%ED%99%94%EC%9E%AC%EC%B2%AD%EC%86%8C,N
구/시,구리,바닥왁스코팅,구리 바닥왁스코팅,https://www.allcareservice.co.kr/?k=구리-바닥왁스코팅,noindex,https://www.allcareservice.co.kr/?k=%EA%B5%AC%EB%A6%AC%EC%8B%9C-%EB%B0%94%EB%8B%A5%EC%99%81%EC%8A%A4%EC%BD%94%ED%8C%85,N
구/시,구리,어닝청소,구리 어닝청소,https://www.allcareservice.co.kr/?k=구리-어닝청소,noindex,https://www.allcareservice.co.kr/?k=%EA%B5%AC%EB%A6%AC%EC%8B%9C-%EC%96%B4%EB%8B%9D%EC%B2%AD%EC%86%8C,N
구/시,구리,간판청소,구리 간판청소,https://www.allcareservice.co.kr/?k=구리-간판청소,noindex,https://www.allcareservice.co.kr/?k=%EA%B5%AC%EB%A6%AC%EC%8B%9C-%EA%B0%84%ED%8C%90%EC%B2%AD%EC%86%8C,N
구/시,구리,인테리어 후 청소,구리 인테리어 후 청소,https://www.allcareservice.co.kr/?k=구리-인테리어-후-청소,noindex,https://www.allcareservice.co.kr/?k=%EA%B5%AC%EB%A6%AC%EC%8B%9C-%EC%9D%B8%ED%85%8C%EB%A6%AC%EC%96%B4-%ED%9B%84-%EC%B2%AD%EC%86%8C,N
구/시,구리,준공청소,구리 준공청소,https://www.allcareservice.co.kr/?k=구리-준공청소,noindex,https://www.allcareservice.co.kr/?k=%EA%B5%AC%EB%A6%AC%EC%8B%9C-%EC%A4%80%EA%B3%B5%EC%B2%AD%EC%86%8C,N
구/시,구리,후드청소,구리 후드청소,https://www.allcareservice.co.kr/?k=구리-후드청소,noindex,https://www.allcareservice.co.kr/?k=%EA%B5%AC%EB%A6%AC%EC%8B%9C-%ED%9B%84%EB%93%9C%EC%B2%AD%EC%86%8C,N
구/시,구리,특수청소,구리 특수청소,https://www.allcareservice.co.kr/?k=구리-특수청소,noindex,https://www.allcareservice.co.kr/?k=%EA%B5%AC%EB%A6%AC%EC%8B%9C-%ED%8A%B9%EC%88%98%EC%B2%AD%EC%86%8C,N
구/시,구리,바닥청소,구리 바닥청소,https://www.allcareservice.co.kr/?k=구리-바닥청소,noindex,https://www.allcareservice.co.kr/?k=%EA%B5%AC%EB%A6%AC%EC%8B%9C-%EB%B0%94%EB%8B%A5%EC%B2%AD%EC%86%8C,N
구/시,구리,쓰레기집 청소,구리 쓰레기집 청소,https://www.allcareservice.co.kr/?k=구리-쓰레기집-청소,noindex,https://www.allcareservice.co.kr/?k=%EA%B5%AC%EB%A6%AC%EC%8B%9C-%EC%93%B0%EB%A0%88%EA%B8%B0%EC%A7%91-%EC%B2%AD%EC%86%8C,N
구/시,하남,외벽청소,하남 외벽청소,https://www.allcareservice.co.kr/?k=하남-외벽청소,noindex,https://www.allcareservice.co.kr/?k=%ED%95%98%EB%82%A8%EC%8B%9C-%EC%99%B8%EB%B2%BD%EC%B2%AD%EC%86%8C,N
구/시,하남,유리창청소,하남 유리창청소,https://www.allcareservice.co.kr/?k=하남-유리창청소,noindex,https://www.allcareservice.co.kr/?k=%ED%95%98%EB%82%A8%EC%8B%9C-%EC%9C%A0%EB%A6%AC%EC%B0%BD%EC%B2%AD%EC%86%8C,N
구/시,하남,화재청소,하남 화재청소,https://www.allcareservice.co.kr/?k=하남-화재청소,noindex,https://www.allcareservice.co.kr/?k=%ED%95%98%EB%82%A8%EC%8B%9C-%ED%99%94%EC%9E%AC%EC%B2%AD%EC%86%8C,N
구/시,하남,바닥왁스코팅,하남 바닥왁스코팅,https://www.allcareservice.co.kr/?k=하남-바닥왁스코팅,noindex,https://www.allcareservice.co.kr/?k=%ED%95%98%EB%82%A8%EC%8B%9C-%EB%B0%94%EB%8B%A5%EC%99%81%EC%8A%A4%EC%BD%94%ED%8C%85,N
구/시,하남,어닝청소,하남 어닝청소,https://www.allcareservice.co.kr/?k=하남-어닝청소,noindex,https://www.allcareservice.co.kr/?k=%ED%95%98%EB%82%A8%EC%8B%9C-%EC%96%B4%EB%8B%9D%EC%B2%AD%EC%86%8C,N
구/시,하남,간판청소,하남 간판청소,https://www.allcareservice.co.kr/?k=하남-간판청소,noindex,https://www.allcareservice.co.kr/?k=%ED%95%98%EB%82%A8%EC%8B%9C-%EA%B0%84%ED%8C%90%EC%B2%AD%EC%86%8C,N
구/시,하남,인테리어 후 청소,하남 인테리어 후 청소,https://www.allcareservice.co.kr/?k=하남-인테리어-후-청소,noindex,https://www.allcareservice.co.kr/?k=%ED%95%98%EB%82%A8%EC%8B%9C-%EC%9D%B8%ED%85%8C%EB%A6%AC%EC%96%B4-%ED%9B%84-%EC%B2%AD%EC%86%8C,N
구/시,하남,준공청소,하남 준공청소,https://www.allcareservice.co.kr/?k=하남-준공청소,noindex,https://www.allcareservice.co.kr/?k=%ED%95%98%EB%82%A8%EC%8B%9C-%EC%A4%80%EA%B3%B5%EC%B2%AD%EC%86%8C,N
구/시,하남,후드청소,하남 후드청소,https://www.allcareservice.co.kr/?k=하남-후드청소,noindex,https://www.allcareservice.co.kr/?k=%ED%95%98%EB%82%A8%EC%8B%9C-%ED%9B%84%EB%93%9C%EC%B2%AD%EC%86%8C,N
구/시,하남,특수청소,하남 특수청소,https://www.allcareservice.co.kr/?k=하남-특수청소,noindex,https://www.allcareservice.co.kr/?k=%ED%95%98%EB%82%A8%EC%8B%9C-%ED%8A%B9%EC%88%98%EC%B2%AD%EC%86%8C,N
구/시,하남,바닥청소,하남 바닥청소,https://www.allcareservice.co.kr/?k=하남-바닥청소,noindex,https://www.allcareservice.co.kr/?k=%ED%95%98%EB%82%A8%EC%8B%9C-%EB%B0%94%EB%8B%A5%EC%B2%AD%EC%86%8C,N
구/시,하남,쓰레기집 청소,하남 쓰레기집 청소,https://www.allcareservice.co.kr/?k=하남-쓰레기집-청소,noindex,https://www.allcareservice.co.kr/?k=%ED%95%98%EB%82%A8%EC%8B%9C-%EC%93%B0%EB%A0%88%EA%B8%B0%EC%A7%91-%EC%B2%AD%EC%86%8C,N
구/시,남양주,외벽청소,남양주 외벽청소,https://www.allcareservice.co.kr/?k=남양주-외벽청소,noindex,https://www.allcareservice.co.kr/?k=%EB%82%A8%EC%96%91%EC%A3%BC%EC%8B%9C-%EC%99%B8%EB%B2%BD%EC%B2%AD%EC%86%8C,N
구/시,남양주,유리창청소,남양주 유리창청소,https://www.allcareservice.co.kr/?k=남양주-유리창청소,noindex,https://www.allcareservice.co.kr/?k=%EB%82%A8%EC%96%91%EC%A3%BC%EC%8B%9C-%EC%9C%A0%EB%A6%AC%EC%B0%BD%EC%B2%AD%EC%86%8C,N
구/시,남양주,화재청소,남양주 화재청소,https://www.allcareservice.co.kr/?k=남양주-화재청소,noindex,https://www.allcareservice.co.kr/?k=%EB%82%A8%EC%96%91%EC%A3%BC%EC%8B%9C-%ED%99%94%EC%9E%AC%EC%B2%AD%EC%86%8C,N
구/시,남양주,바닥왁스코팅,남양주 바닥왁스코팅,https://www.allcareservice.co.kr/?k=남양주-바닥왁스코팅,noindex,https://www.allcareservice.co.kr/?k=%EB%82%A8%EC%96%91%EC%A3%BC%EC%8B%9C-%EB%B0%94%EB%8B%A5%EC%99%81%EC%8A%A4%EC%BD%94%ED%8C%85,N
구/시,남양주,어닝청소,남양주 어닝청소,https://www.allcareservice.co.kr/?k=남양주-어닝청소,noindex,https://www.allcareservice.co.kr/?k=%EB%82%A8%EC%96%91%EC%A3%BC%EC%8B%9C-%EC%96%B4%EB%8B%9D%EC%B2%AD%EC%86%8C,N
구/시,남양주,간판청소,남양주 간판청소,https://www.allcareservice.co.kr/?k=남양주-간판청소,noindex,https://www.allcareservice.co.kr/?k=%EB%82%A8%EC%96%91%EC%A3%BC%EC%8B%9C-%EA%B0%84%ED%8C%90%EC%B2%AD%EC%86%8C,N
구/시,남양주,인테리어 후 청소,남양주 인테리어 후 청소,https://www.allcareservice.co.kr/?k=남양주-인테리어-후-청소,noindex,https://www.allcareservice.co.kr/?k=%EB%82%A8%EC%96%91%EC%A3%BC%EC%8B%9C-%EC%9D%B8%ED%85%8C%EB%A6%AC%EC%96%B4-%ED%9B%84-%EC%B2%AD%EC%86%8C,N
구/시,남양주,준공청소,남양주 준공청소,https://www.allcareservice.co.kr/?k=남양주-준공청소,noindex,https://www.allcareservice.co.kr/?k=%EB%82%A8%EC%96%91%EC%A3%BC%EC%8B%9C-%EC%A4%80%EA%B3%B5%EC%B2%AD%EC%86%8C,N
구/시,남양주,후드청소,남양주 후드청소,https://www.allcareservice.co.kr/?k=남양주-후드청소,noindex,https://www.allcareservice.co.kr/?k=%EB%82%A8%EC%96%91%EC%A3%BC%EC%8B%9C-%ED%9B%84%EB%93%9C%EC%B2%AD%EC%86%8C,N
구/시,남양주,특수청소,남양주 특수청소,https://www.allcareservice.co.kr/?k=남양주-특수청소,noindex,https://www.allcareservice.co.kr/?k=%EB%82%A8%EC%96%91%EC%A3%BC%EC%8B%9C-%ED%8A%B9%EC%88%98%EC%B2%AD%EC%86%8C,N
구/시,남양주,바닥청소,남양주 바닥청소,https://www.allcareservice.co.kr/?k=남양주-바닥청소,noindex,https://www.allcareservice.co.kr/?k=%EB%82%A8%EC%96%91%EC%A3%BC%EC%8B%9C-%EB%B0%94%EB%8B%A5%EC%B2%AD%EC%86%8C,N
구/시,남양주,쓰레기집 청소,남양주 쓰레기집 청소,https://www.allcareservice.co.kr/?k=남양주-쓰레기집-청소,noindex,https://www.allcareservice.co.kr/?k=%EB%82%A8%EC%96%91%EC%A3%BC%EC%8B%9C-%EC%93%B0%EB%A0%88%EA%B8%B0%EC%A7%91-%EC%B2%AD%EC%86%8C,N
